﻿{"cameraMode":{"drawMode":0,"name":"Shaded","section":"Shading Mode"},"sceneLighting":true,"audioPlay":false,"sceneViewState":{"showFog":true,"showMaterialUpdate":false,"showSkybox":true,"showFlares":true,"showImageEffects":true,"showParticleSystems":true},"in2DMode":false,"pivot":{"x":11.53847885131836,"y":75.79524993896485,"z":119.34217834472656},"rotation":{"x":0.2931196987628937,"y":0.08874612301588059,"z":-0.02733762562274933,"w":0.9515553712844849},"size":63.88087463378906,"orthographic":false}