﻿{"cameraMode":{"drawMode":0,"name":"Shaded","section":"Shading Mode"},"sceneLighting":true,"audioPlay":false,"sceneViewState":{"showFog":true,"showMaterialUpdate":false,"showSkybox":true,"showFlares":true,"showImageEffects":true,"showParticleSystems":true},"in2DMode":false,"pivot":{"x":0.6658868789672852,"y":1.27010178565979,"z":93.79483795166016},"rotation":{"x":-0.010032378137111664,"y":-0.5800980925559998,"z":0.007145726587623358,"w":-0.8144536018371582},"size":1.2930128574371338,"orthographic":false}