﻿{"cameraMode":{"drawMode":0,"name":"Shaded","section":"Shading Mode"},"sceneLighting":true,"audioPlay":false,"sceneViewState":{"showFog":true,"showMaterialUpdate":false,"showSkybox":true,"showFlares":true,"showImageEffects":true,"showParticleSystems":true},"in2DMode":false,"pivot":{"x":22.71466827392578,"y":8.71993637084961,"z":79.82513427734375},"rotation":{"x":0.10627058893442154,"y":-0.1823856234550476,"z":0.01983289048075676,"w":0.9772659540176392},"size":138.4077911376953,"orthographic":false}